customer_name,customer_email,review
John Smith,john.smith@email.com,"Amazing product! Fast delivery and excellent customer service. The quality exceeded my expectations and I would definitely recommend this to others. Five stars!"
Sarah Johnson,sarah.j@gmail.com,"Product arrived damaged and the packaging was terrible. Customer service was unhelpful and took forever to respond. Very disappointed with this purchase."
Mike Chen,m.chen@company.com,"Good value for money. The product works as expected, nothing spectacular but does the job. Delivery was on time."
Emily Davis,emily.davis@outlook.com,"URGENT: Still haven't received my order after 3 weeks! This is completely unacceptable. I need a full refund immediately or I'm disputing the charge."
Robert Wilson,rwilson@email.net,"Fantastic experience from start to finish. The website was easy to navigate, checkout was smooth, and the product arrived exactly when promised. Great quality!"
Lisa Martinez,lisa.m.martinez@gmail.com,"The product is okay but way overpriced for what you get. I've seen similar items for half the price elsewhere. Won't be buying again."
David Thompson,d.thompson@work.com,"Terrible quality control. The item broke after just 2 days of normal use. This is clearly a manufacturing defect and I expect a replacement."
Jennifer Brown,jen.brown@email.com,"Love this product! It's exactly what I was looking for. Great design, works perfectly, and arrived super fast. Already ordered another one."
Mark Taylor,mark.taylor@company.org,"Customer service is a joke. Been trying to return this defective item for weeks but no one responds to my emails or calls. Completely unprofessional."
Amanda White,amanda.white@gmail.com,"Pretty good overall. Had some minor issues with setup but customer support helped me through it quickly. Product works well now."
Christopher Lee,chris.lee@email.com,"DO NOT BUY! This is a complete scam. Product looks nothing like the photos and feels like cheap plastic. Demanding immediate refund!"
Rachel Green,rachel.green@outlook.com,"Best purchase I've made this year! Outstanding quality, beautiful design, and incredible customer service. Will definitely shop here again."
Kevin Moore,k.moore@company.com,"Mediocre product at best. It works but nothing special. Delivery was delayed by a week with no explanation. Expected better."
Jessica Garcia,jessica.garcia@gmail.com,"HELP NEEDED ASAP! Product stopped working completely after 1 week. I rely on this for work and need urgent replacement or repair!"
Steven Clark,steven.clark@email.net,"Excellent value and quality. Exactly as described and delivered faster than expected. Customer service was also very helpful when I had questions."
Michelle Rodriguez,m.rodriguez@company.org,"Poor quality materials and construction. The product feels flimsy and cheap. For this price, I expected much better build quality."
Daniel Anderson,daniel.anderson@gmail.com,"Great product but confusing instructions. Took me hours to figure out how to set it up properly. Better documentation would help."
Laura Thomas,laura.thomas@email.com,"Absolutely perfect! This solved exactly the problem I was having. Great price, fast shipping, excellent quality. Highly recommend!"
James Jackson,james.jackson@outlook.com,"Worst online shopping experience ever. Wrong item sent, no response to complaints, and still charged full price. Avoid at all costs!"
Nicole Harris,nicole.harris@gmail.com,"Pretty satisfied with my purchase. Good quality product that arrived on time. Only minor complaint is the packaging could be more eco-friendly." 